"Datum","SAP.DE","SIE.DE","BAYN.DE","BAS.DE","ALV.DE","DAI.DE","DTE.DE","ADS.DE","BMW.DE","VOW3.DE"
"02-01-2018",90.24543,103.807259,93.887947,84.185226,176.971588,62.638462,13.506005,160.437515,78.549187,156.690155
"03-01-2018",91.480469,104.924255,93.887947,84.434158,177.247101,63.144035,13.474119,161.301392,78.967384,162.118057
"04-01-2018",92.472389,107.78878,95.221573,86.25045,179.543045,63.880226,13.547002,163.413025,79.531052,164.954941
"05-01-2018",93.785233,108.20314,98.838264,87.449005,182.353287,64.731728,13.619884,165.140762,80.458366,169.4561
"08-01-2018",93.619904,108.995827,98.527359,87.596527,182.628815,65.414703,13.692767,165.812637,81.522057,170.06131
"09-01-2018",92.783585,109.536301,97.906479,87.310715,184.08902,65.778366,13.651771,162.357208,82.003891,170.43956
"10-01-2018",91.976433,108.45536,96.390015,86.001518,184.226791,65.769493,13.428568,160.965424,81.276588,168.510483
"11-01-2018",88.913139,108.653534,96.335266,86.646896,184.410461,65.290527,13.123373,159.717651,80.631111,168.132233
"12-01-2018",88.232414,110.292969,95.769142,87.467453,185.512512,65.796104,13.17348,161.781311,81.64933,170.042404
"15-01-2018",87.580849,109.986702,95.440605,86.766754,185.604355,65.645317,13.17348,162.453201,81.631149,170.118042
"16-01-2018",88.465805,110.797417,95.459167,86.573135,185.558441,65.946884,13.269138,161.733307,84.222183,173.995117
"17-01-2018",87.979568,110.076782,94.61834,86.278107,185.925766,65.574356,13.159815,160.437515,83.958534,170.874542
"18-01-2018",88.670021,110.797417,94.508827,88.647575,186.798233,66.097672,13.14615,164.132904,84.613113,170.174789
"19-01-2018",89.759201,111.427963,95.05732,90.048965,188.680908,66.532295,13.14615,175.459061,86.07682,173.730331
"22-01-2018",89.25351,112.022499,96.555214,89.578773,188.497238,67.002396,13.424012,175.459061,87.513252,178.250427
"23-01-2018",90.352409,112.725105,99.75148,89.680176,188.956436,67.135445,13.506005,178.050613,86.622299,177.07785
"24-01-2018",89.730011,110.81543,98.472603,88.712112,188.083984,66.895958,13.392127,177.618713,85.776802,174.014023
"25-01-2018",88.300491,109.950676,97.395111,87.909996,187.257416,65.982368,13.282804,175.747009,84.776749,171.517578
"26-01-2018",89.19516,109.049881,97.815536,87.854675,187.257416,66.354897,13.278249,177.090775,85.304054,172.009293
"29-01-2018",89.55497,109.049881,97.321793,87.744041,187.716614,66.425858,13.182591,176.898819,85.040405,172.17952
"30-01-2018",87.648926,109.157974,96.372383,87.310715,187.119675,65.680794,12.932057,177.618713,84.222183,168.888733
"31-01-2018",88.329666,110.040756,96.280502,86.960365,186.890091,65.396973,12.868286,179.778336,83.61306,167.394638
"01-02-2018",87.318291,108.40583,94.490273,85.374573,185.007401,63.986664,12.71341,176.370911,83.185768,167.943115
"02-02-2018",85.57756,106.715187,93.157555,83.337021,183.997192,63.126297,12.576756,173.011444,81.985718,162.704346
"05-02-2018",85.032982,105.340378,91.787361,82.922127,182.059418,62.709415,12.453767,171.619675,81.222038,159.659424
"06-02-2018",82.942169,103.556839,89.905884,81.576057,175.134827,61.600689,12.116687,167.588364,80.121979,156.274094
"07-02-2018",83.904915,104.318558,90.727882,82.322845,179.138962,62.665073,12.280672,176.4189,81.003845,162.061325
"08-02-2018",81.765472,101.71756,89.157028,79.603027,173.187866,62.381237,11.952701,171.427719,79.576508,155.839111
"09-02-2018",80.579056,99.413818,87.805305,78.210854,170.047028,62.203838,11.806937,169.748001,78.767372,154.326096
"12-02-2018",80.987495,100.862946,89.284828,79.372536,172.453171,62.948898,12.04836,170.995773,79.376495,156.841461
"13-02-2018",80.520714,100.28701,88.545067,78.939209,171.314362,62.638462,11.857044,168.740173,78.840111,154.817825
"14-02-2018",81.395927,101.513199,89.33049,79.566154,172.581741,63.516571,11.90715,169.891968,80.003799,157.0495
"15-02-2018",81.551529,102.274918,88.946922,79.695229,174.032776,63.800404,11.861599,170.179932,79.485596,156.103882
"16-02-2018",81.989143,103.27816,89.997215,79.971817,175.042999,64.305977,11.989142,173.011444,80.1129,158.18425
"19-02-2018",81.551529,102.980904,89.303108,79.520058,174.767487,62.984379,12.007363,173.203415,79.34922,156.841461
"20-02-2018",82.18364,104.262817,90.353401,80.654083,176.80629,62.638462,12.107576,175.411072,78.912842,155.895828
"21-02-2018",82.173912,103.222427,89.896797,80.6633,176.640961,62.390099,12.103021,173.491364,78.885567,154.666519
"22-02-2018",82.173912,102.683647,89.905884,81.234924,176.714447,62.124012,11.816048,173.251419,79.294678,155.006958
"23-02-2018",82.193359,102.850853,89.431,81.198044,175.869537,62.452194,12.203235,174.499207,79.140121,153.758728
"26-02-2018",82.514275,102.925171,89.942451,81.926399,176.475662,62.292538,12.271562,174.067276,79.77652,156.538864
"27-02-2018",83.097755,101.71756,89.59536,80.1931,177.11853,62.416718,12.103021,174.691177,79.731056,155.139328
"28-02-2018",83.82711,100.732903,87.887527,79.66758,176.347092,62.505413,12.080246,175.267075,78.931023,152.359192
"01-03-2018",81.78492,98.986511,86.946838,78.339928,173.389908,61.219288,11.911704,169.028122,77.549141,148.614532
"02-03-2018",80.199791,95.660957,84.654419,76.357689,168.798019,59.738037,11.7295,165.284729,76.339989,145.399399
"05-03-2018",81.911346,96.608459,86.417099,77.593132,172.398056,59.702553,11.89804,167.732315,75.903603,145.191345
"06-03-2018",82.222534,96.571304,87.40345,76.966194,171.58989,59.933174,12.025583,166.916458,76.512726,148.463226
"07-03-2018",84.2939,97.017189,88.682053,78.044899,173.224609,60.181522,11.989142,167.588364,77.149124,147.517593
"08-03-2018",85.441414,98.039009,89.019951,78.662621,174.400131,60.208134,12.07569,168.164261,77.24913,148.198441
"09-03-2018",85.956825,98.18763,89.33049,78.358368,174.510345,60.24361,12.04836,166.724487,77.394585,148.349747
"12-03-2018",85.937378,99.209457,89.458366,78.791695,174.400131,60.598404,12.071135,164.708817,77.921883,149.957321
"13-03-2018",85.013527,97.63028,87.704788,77.3442,170.634766,60.05735,11.934481,162.213226,76.94001,146.118073
"14-03-2018",84.838486,97.834641,87.32122,76.800247,169.991913,59.871086,11.952701,180.354233,76.521812,148.179535
"15-03-2018",85.480324,98.652092,86.618027,77.473274,173.187866,60.527447,11.980032,185.249451,77.385498,152.245728
"16-03-2018",84.945457,99.543869,87.257278,78.127876,173.500107,61.352333,12.2169,186.305267,78.05825,153.304825
"19-03-2018",83.428398,97.871803,85.549446,77.076828,170.616409,60.784672,12.089356,184.769516,77.430946,150.865097
"20-03-2018",83.049133,98.299103,86.060905,77.842072,173.757263,60.917721,12.021028,186.83316,78.176437,152.529404
"21-03-2018",83.486748,98.577789,86.188705,78.164757,173.298065,60.873371,11.970922,190.192596,78.276443,151.772903
"22-03-2018",82.806023,95.921051,84.964951,76.071877,169.826599,59.454201,11.761385,189.088806,77.576416,149.389923
"23-03-2018",81.755745,94.230408,82.517273,74.74424,165.638794,58.336605,11.797827,187.745026,76.530907,145.323746
"26-03-2018",80.695755,93.245735,81.713554,74.522964,164.885712,58.123734,11.665728,185.249451,77.467316,146.326111
"27-03-2018",82.446205,94.564819,82.910019,76.06266,167.457184,58.957497,11.825157,186.353241,78.012794,147.952591
"28-03-2018",82.096107,95.029282,82.836891,74.882538,168.246979,58.806709,11.88893,185.201447,77.785507,146.571976
"29-03-2018",82.630974,96.162567,83.832436,76.035004,168.430664,61.174946,12.071135,188.752838,80.140167,152.605057
"03-04-2018",81.930794,94.75061,82.809517,75.500259,168.430664,60.811283,11.961811,187.457077,80.622009,153.55069
"04-04-2018",81.746025,93.951729,83.485329,75.610901,167.806168,60.41214,11.948146,189.856674,79.467415,152.718536
"05-04-2018",84.27446,97.258705,86.015244,77.814407,172.104172,61.742607,12.257896,195.999649,80.64019,158.032944
"06-04-2018",84.089684,97.072922,85.494606,77.436401,171.424576,61.152893,12.253341,195.519745,80.885658,156.028229
"09-04-2018",84.964912,97.537392,85.330231,77.012291,172.122543,60.797184,12.312558,194.463913,80.312897,155.328461
"10-04-2018",85.101059,97.816071,89.367058,77.482498,173.096024,61.536674,12.349,197.247452,81.812973,162.250458
"11-04-2018",84.449493,96.496986,88.590721,76.505211,171.204163,61.078007,12.617753,198.207291,81.703888,163.744537
"12-04-2018",85.324715,97.27729,89.960747,77.399521,173.242981,61.283939,12.635973,201.854691,81.75843,166.997482
"13-04-2018",85.548393,97.407333,90.097725,77.556259,173.959305,61.452431,12.708856,202.142639,83.031212,167.640518
"16-04-2018",84.799583,96.794243,89.485748,77.620796,174.01442,61.134167,12.635973,202.238632,82.422096,162.779999
"17-04-2018",86.024902,98.150482,91.951714,78.662621,176.438919,61.780052,12.795403,204.638245,82.931213,165.238632
"18-04-2018",86.102699,98.522049,91.604622,79.298782,176.438919,61.059288,12.749852,205.118149,82.549377,164.879288
"19-04-2018",85.295547,99.971176,90.96537,79.354103,176.93486,61.0312,12.71341,202.046646,82.622101,163.858002
"20-04-2018",84.138306,100.602852,90.417351,79.92572,177.743011,60.956318,12.795403,203.678391,82.749382,161.796539
"23-04-2018",84.750961,100.770058,90.225616,80.257629,179.175705,61.171612,12.950278,203.198456,82.913025,160.226807
"24-04-2018",87.726723,98.72641,89.476654,79.658348,178.955292,60.993763,12.859176,196.575562,82.849388,160.415924
"25-04-2018",86.686188,97.370178,89.019951,77.832848,177.504257,60.853352,12.8364,194.175964,81.158394,157.919479
"26-04-2018",87.843422,97.29586,88.901253,77.998802,179.212433,60.87207,13.059602,194.943848,82.176636,162.118057
"27-04-2018",89.4869,97.983269,89.622734,79.354103,178.624664,61.443069,13.246363,196.287613,83.185768,163.328461
"30-04-2018",89.875885,98.131905,90.673119,79.584595,180.424698,61.312019,13.205366,195.7117,84.067627,162.496307
"02-05-2018",91.266525,100.472801,90.983559,80.469688,182.885941,62.294888,13.250918,198.879181,84.631287,168.170059
"03-05-2018",91.363777,99.934021,91.303284,79.095947,181.214508,62.088955,13.086932,185.345428,83.785797,166.467926
"04-05-2018",92.812759,101.383148,93.04805,80.100899,182.75737,62.229362,13.209922,184.961487,83.240318,167.087067
"07-05-2018",93.357346,101.903343,93.248505,81.888779,184.594147,62.556984,13.269138,187.217102,83.240318,170.472916
"08-05-2018",93.853302,102.460701,92.919975,82.11824,183.951279,62.734829,13.214477,185.825363,83.585793,168.054459
"09-05-2018",94.076973,106.455093,93.303268,82.357262,182.334915,62.809719,13.027716,182.705856,83.603966,165.229691
"10-05-2018",94.85495,107.662697,93.742241,83.542809,183.770325,62.893967,13.036826,185.479294,83.967628,166.003601
"11-05-2018",94.738251,107.291122,93.248505,83.055206,183.291855,62.76292,13.000385,187.008499,83.803978,166.680771
"14-05-2018",94.183945,107.272545,93.668922,82.950035,182.239243,62.566338,12.954833,186.564545,83.485786,165.752075
"15-05-2018",92.871109,107.922798,93.157555,83.78183,183.98085,62.622509,12.895616,186.367218,83.794884,167.88031
"16-05-2018",93.522659,108.665947,94.508827,84.690117,181.339706,62.594429,12.891061,191.300171,83.785797,166.719452
"17-05-2018",94.281181,109.20472,95.440605,84.996063,183.540665,63.464966,12.881951,192.63208,84.822212,168.344666
"18-05-2018",94.577202,109.186134,95.312531,85.062988,183.253586,63.090538,12.838979,192.434753,84.128815,167.454681
"21-05-2018",94.577202,109.186134,95.312531,85.062988,183.253586,63.090538,12.838979,192.434753,84.128815,167.454681
"22-05-2018",94.833755,109.427666,95.933411,85.856537,184.47847,64.007874,12.924923,192.878723,86.27549,170.84053
"23-05-2018",95.139633,108.071419,93.833199,83.896561,180.746414,62.791,12.9106,191.201523,84.537254,166.158371
"24-05-2018",95.554054,106.696609,93.12043,83.284668,179.138748,61.049923,12.714839,190.757553,83.112465,161.940567
"25-05-2018",96.530914,107.328285,93.833199,83.791389,179.464111,60.909515,12.76736,191.250854,83.064972,164.591202
"28-05-2018",95.356712,105.972054,93.753494,82.825745,177.933014,60.113865,12.695741,192.977386,82.846504,161.708405
"29-05-2018",94.06411,104.875916,92.842415,81.535027,172.535889,59.149719,12.566826,189.770966,81.763672,157.219727
"30-05-2018",94.902824,105.19175,96.468567,82.166046,172.727264,58.850178,12.729163,194.210632,81.877647,158.78688
"31-05-2018",95.060692,103.575417,95.679192,80.550262,168.784698,57.736267,12.624122,191.004211,81.09877,155.691254
"01-06-2018",96.037552,104.968811,97.088043,81.200401,171.923447,58.063885,12.63367,190.560226,81.573692,156.852112
"04-06-2018",96.491447,105.098854,96.486702,81.286446,173.110046,58.185574,12.729163,192.434753,81.877647,156.910156
"05-06-2018",97.685379,105.154587,94.965225,81.601952,171.866028,58.223019,12.791234,193.766647,82.248093,156.968201
"06-06-2018",97.754448,105.043121,94.877419,81.879219,171.023926,58.363426,12.843754,200.672791,82.637535,157.684067
"07-06-2018",98.29715,105.433273,94.438347,81.544586,171.636368,58.382149,12.848529,195.542511,82.286087,157.587326
"08-06-2018",99.106255,105.711952,93.961098,82.108673,170.889954,57.998363,12.733937,196.677109,81.345734,154.201462
"11-06-2018",100.428459,107.458336,92.939781,83.934807,173.1866,57.492889,13.029965,195.739838,81.09877,154.046692
"12-06-2018",100.625809,107.644119,92.06163,83.609734,173.358856,58.325985,13.163654,193.914642,81.022781,154.356247
"13-06-2018",101.454651,110.22654,94.371529,82.825745,172.421051,57.78307,13.006091,192.286758,80.433868,154.569077
"14-06-2018",102.915001,112.121552,96.213722,84.202507,175.177032,59.149719,13.225725,196.085144,81.944138,158.01297
"15-06-2018",102.401901,111.118317,95.526474,83.657539,172.593307,58.335346,13.182754,197.17041,81.44072,155.768646
"18-06-2018",101.138901,109.985016,93.980179,82.462433,170.545456,57.78307,12.991767,191.694809,80.500359,150.970398
"19-06-2018",100.388992,108.052841,92.233444,81.22908,168.976074,57.006138,12.8915,186.860504,79.844955,147.333023
"20-06-2018",101.35598,108.25721,92.491165,81.353371,168.344498,56.584911,12.862853,186.12056,79.484016,149.403229
"21-06-2018",100.073242,106.622299,92.004364,79.737587,166.009567,54.141792,12.781684,187.600449,77.147369,144.759781
"22-06-2018",99.56015,108.034271,94.342888,79.881004,168.153107,53.973301,12.929697,188.389725,76.282997,144.508255
"25-06-2018",97.290688,105.080284,91.889824,77.595955,164.401917,52.484962,12.714839,184.492691,74.896202,140.986969
"26-06-2018",97.280815,104.151352,91.632111,76.926689,164.631577,52.073097,12.605022,184.887329,74.516258,139.806763
"27-06-2018",98.622757,106.083519,91.498482,78.179161,165.741623,52.073097,12.724388,186.564545,74.668243,141.760864
"28-06-2018",95.988213,104.337135,89.98082,77.366493,165.263153,51.698669,12.657543,181.532913,73.670891,138.471756
"29-06-2018",97.63604,105.173172,90.057182,78.313019,169.397125,51.605064,12.671868,184.443359,73.737381,137.581772
"02-07-2018",96.994675,104.578659,90.60125,77.701118,166.870819,52.026295,12.686192,181.088959,73.832367,136.498291
"03-07-2018",97.744576,105.842003,90.333992,77.997513,172.24881,52.484962,12.929697,182.519501,73.803864,137.368942
"04-07-2018",96.511177,106.120674,90.028549,77.423859,171.330139,52.775143,13.120683,179.707718,73.870354,138.046112
"05-07-2018",97.853119,106.547981,89.961731,78.475555,172.325363,54.75959,13.163654,179.411743,76.615448,143.637604
"06-07-2018",98.129402,106.900978,89.484482,78.69545,171.885162,54.329002,13.211401,179.066437,76.178513,142.921753
"09-07-2018",100.033768,107.588379,89.770836,78.810181,173.1866,54.385166,13.22095,179.411743,76.188011,141.238495
"10-07-2018",100.823151,109.056091,90.32444,79.230865,173.971298,54.619179,13.263922,182.519501,75.998039,141.219131
"11-07-2018",99.145729,107.402596,88.195908,77.433418,171.368423,53.523991,13.187528,180.595657,74.915207,138.162201
"12-07-2018",100.52713,108.164322,88.444077,77.873215,171.464111,53.505268,13.240048,182.815491,75.390137,138.239578
"13-07-2018",101.415184,108.350105,89.140862,78.303459,172.153107,53.589516,13.139781,185.232635,75.627594,139.303711
"16-07-2018",101.277039,108.368683,88.93087,78.007065,172.325363,53.430386,13.106359,186.219223,75.31414,138.06546
"17-07-2018",102.421638,108.833145,89.159958,79.431641,176.267944,53.80481,13.092035,183.259445,75.998039,139.381104
"18-07-2018",103.289955,109.947861,88.730423,80.617188,176.765549,54.534935,13.158879,186.712524,76.748428,142.515442
"19-07-2018",99.639091,109.594872,88.148178,80.21563,175.770325,54.89064,13.158879,186.959167,76.700935,143.173264
"20-07-2018",98.662231,108.498734,87.861832,79.154373,173.492828,53.598873,13.125457,187.353806,75.304642,139.9422
"23-07-2018",98.316879,108.591629,88.214996,78.819748,174.736847,54.048187,13.077711,186.909836,75.92205,141.141739
"24-07-2018",99.56015,109.854965,89.064499,80.512016,176.631577,55.386749,12.991767,187.896439,77.441818,145.108032
"25-07-2018",99.658821,109.260452,88.558617,79.45076,174.066971,54.179234,13.010866,186.071243,75.85556,141.161102
"26-07-2018",101.869072,111.824287,90.248085,80.904015,176.842102,55.705009,13.240048,185.331299,79.208557,146.752594
"27-07-2018",101.770401,112.195862,91.88028,78.724129,178.755981,55.499081,13.507428,186.663193,78.752625,146.191498
"30-07-2018",98.869438,111.749977,90.83033,78.456429,179.980865,55.555241,13.540851,186.317886,78.809616,146.520432
"31-07-2018",98.524086,112.177284,90.925781,78.55204,180.995209,55.368031,13.512202,186.613861,78.543655,147.25563
"01-08-2018",98.218208,111.304092,91.441216,78.915352,180.287079,54.516216,13.531301,185.331299,77.413322,141.818924
"02-08-2018",97.774178,106.083519,89.885368,76.725914,177.645935,53.739285,13.392837,182.470169,77.109375,138.723282
"03-08-2018",98.445152,104.16993,90.94487,76.515572,179.330139,54.44133,13.59337,187.057831,78.211205,140.600006
"06-08-2018",98.533958,103.7612,90.744423,76.955376,180,54.525574,13.598145,185.676605,79.32254,140.735443
"07-08-2018",98.070198,104.37429,91.651199,76.869331,180.459335,55.124653,13.626794,187.107147,79.835464,142.089798
"08-08-2018",99.04705,104.039886,91.689377,76.821518,180.784683,55.283787,13.645892,187.995102,80.243904,142.999146
"09-08-2018",98.968117,104.37429,91.374397,77.022301,181.473679,55.265064,13.636342,205.704422,80.55735,143.018478
"10-08-2018",97.340027,102.683647,89.112228,75.272667,177.913879,53.542713,13.321217,202.941956,79.38903,139.671326
"13-08-2018",98.770767,102.497856,79.920387,75.377831,178.622009,53.570793,13.388062,205.605759,79.113571,139.284363
"14-08-2018",99.027321,102.832275,79.94902,75.463882,176.842102,52.840664,13.440582,206.493698,78.315689,138.239578
"15-08-2018",97.9814,101.959084,77.114151,74.09668,176.076553,51.530178,13.287795,203.040619,77.232849,133.925049
"16-08-2018",100.704742,102.256348,73.544319,74.058434,177.875595,51.754833,13.368963,205.901733,77.698288,134.892426
"17-08-2018",100.625809,102.182022,74.832893,74.163605,176.306229,51.408489,13.316442,204.224533,77.327843,134.215271
"20-08-2018",101.237572,102.925171,77.104599,75.396957,177.397125,51.754833,13.349864,206.69101,77.650787,134.466782
"21-08-2018",100.961288,102.79512,78.383636,75.616852,177.550232,52.297749,13.359414,207.677597,78.771622,136.130692
"22-08-2018",101.178368,103.110954,79.634033,75.99929,177.913879,51.764194,13.497879,207.578934,78.163712,134.292664
"23-08-2018",102.165092,103.891243,78.221367,75.836754,177.550232,50.931099,13.531301,209.157486,77.014389,133.441345
"24-08-2018",102.599251,104.281403,78.183189,76.295677,177.511963,51.249359,13.47878,210.834686,77.21386,133.49939
"27-08-2018",103.309685,105.136009,78.889519,77.184837,179.827744,52.522404,13.540851,212.807877,79.018585,136.846558
"28-08-2018",103.053139,105.26606,78.545898,77.012741,179.29187,52.700256,13.421485,212.807877,80.158409,138.703934
"29-08-2018",103.15181,105.656212,78.975426,77.376053,179.75119,53.046597,13.474005,211.722641,80.006439,138.491119
"30-08-2018",102.895264,105.173172,77.839569,77.270882,177.66507,53.027878,13.340316,212.314575,80.35788,138.200897
"31-08-2018",102.244034,104.021301,76.722801,76.190506,175.732056,52.138618,13.28302,212.0186,79.227554,136.246765
"03-09-2018",102.263763,103.482529,76.789612,76.104454,176.440201,51.483376,13.345091,213.103851,78.638641,133.441345
"04-09-2018",101.04023,102.2006,76.19783,74.832863,174.258377,50.734528,13.120683,207.973587,77.774269,131.758087
"05-09-2018",97.902458,100.900101,74.909256,73.857658,173.052628,50.80941,12.838979,204.224533,77.175865,131.700058
"06-09-2018",97.448563,100.82579,71.48259,73.4561,172.765549,50.846855,12.829431,203.336609,76.681938,131.796799
"07-09-2018",99.224663,100.509949,70.146286,73.561272,173.703354,50.996624,12.97267,204.421844,77.00489,131.642014
"10-09-2018",100.625809,100.714317,69.144066,72.997177,174.488037,51.015347,13.029965,204.915146,77.033379,133.015701
"11-09-2018",101.47438,100.955841,67.13961,72.949379,174.966507,50.594116,13.082485,203.829895,76.710434,132.899612
"12-09-2018",102.816322,101.71756,67.101433,73.771614,177.033493,51.043427,13.044289,207.874924,77.242348,133.886337
"13-09-2018",102.32296,101.531776,66.95826,74.555603,176.899521,51.567623,13.082485,206.888321,78.334686,136.188721
"14-09-2018",102.816322,101.550354,68.552269,74.459984,177.89473,51.98885,13.125457,207.480286,78.771622,139.303711
"17-09-2018",101.533592,101.253098,69.583138,74.450432,178.277512,51.867161,13.144556,205.408432,78.401176,139.768051
"18-09-2018",101.829605,101.327408,69.964935,74.899788,178.660278,52.204144,13.268697,207.184311,78.524658,143.405441
"19-09-2018",100.783684,101.457458,70.66172,75.760262,180.095688,52.718975,13.125457,206.395035,79.351036,146.172165
"20-09-2018",100.290321,102.256348,72.370277,76.792839,182.009567,53.552071,13.216175,206.592346,81.041779,147.526505
"21-09-2018",102.717651,102.404968,73.038422,78.045311,184.47847,53.926498,13.27347,208.072235,81.469208,149.3452
"24-09-2018",102.086151,103.148117,72.685265,77.376053,183.904297,52.541126,13.177979,205.605759,79.313042,147.952148
"25-09-2018",105.579147,103.649734,72.160286,76.324356,186.354065,51.240002,13.22095,207.874924,75.038681,145.572372
"26-09-2018",106.368523,103.575417,72.981155,75.263107,187.425842,51.324245,13.340316,206.69101,75.067177,146.365646
"27-09-2018",106.368523,103.575417,74.11702,74.918915,188.995209,52.035652,13.440582,208.6642,75.038681,148.842148
"28-09-2018",104.592422,102.497856,73.028885,73.1884,183.732056,50.874935,13.259147,208.072235,73.81337,146.655853
"01-10-2018",105.263397,102.497856,72.389366,73.264877,185.110046,51.371048,13.263922,210.933365,74.221809,147.526505
"02-10-2018",104.651627,99.785393,71.186699,72.911133,184.172256,52.419437,13.230498,210.3414,74.753723,147.952148
"04-10-2018",104.671364,99.376671,71.768944,72.031525,186.200958,52.831303,13.431033,206.197708,74.335793,147.120209
"05-10-2018",102.83606,97.908958,71.263062,71.41008,184.727264,52.054375,13.383287,205.013809,73.784874,144.430862
"08-10-2018",100.685013,97.333023,71.348961,70.960716,181.645935,51.108952,13.321217,203.53392,73.015495,142.205872
"09-10-2018",102.421638,97.091499,71.539856,70.071556,182.736847,50.94046,13.28302,201.659378,72.559555,141.760864
"10-10-2018",97.399223,95.215073,71.59713,68.541817,180.535889,50.17289,13.641117,192.533417,71.571709,138.858704
"11-10-2018",95.790871,93.357208,73.802032,66.926033,174.430618,49.330437,13.368963,190.066925,70.574364,135.898514
"12-10-2018",96.767723,92.669807,72.637535,65.989067,173.416275,49.508286,13.230498,190.017609,70.754829,135.588959
"15-10-2018",96.708527,93.357208,74.517906,66.132477,174.220093,49.536366,13.507428,192.33609,71.438728,139.710022
"16-10-2018",99.619347,94.546242,74.718346,66.18985,175.004791,49.826546,13.617245,197.31839,71.951653,142.612183
"17-10-2018",99.007576,94.992126,73.859299,65.989067,176.401901,49.386597,13.74616,198.99559,71.467224,142.302612
"18-10-2018",93.126724,94.15609,74.851982,65.185951,176.248795,49.058975,13.894173,196.085144,71.362732,140.832184
"19-10-2018",94.034515,92.985641,74.059738,64.67923,177.224869,48.104195,13.99444,200.080841,70.897308,139.284363
"22-10-2018",93.728622,93.115692,73.057518,64.526253,176.057404,47.561279,13.908496,198.206314,70.707336,137.697845
"23-10-2018",91.370361,92.372551,66.118294,63.751827,173.607651,47.252377,13.770032,194.802582,69.814468,135.143951
"24-10-2018",90.462578,92.874176,65.163788,62.910473,174.430618,46.80307,13.894173,198.304977,69.04509,129.33963
"25-10-2018",92.43602,94.063202,63.216614,63.732708,175.253586,48.06675,13.784356,204.520508,70.764328,132.532013
"26-10-2018",91.75518,92.967064,63.140251,63.531921,171.540665,48.085472,13.559948,200.672791,71.258247,132.415924
"29-10-2018",91.399963,94.360458,64.791534,63.732708,173.377975,49.077698,13.574272,202.547333,72.569061,137.775238
"30-10-2018",91.380234,93.022797,63.655685,63.273781,174.143539,48.787518,13.73661,199.390244,72.512062,141.954361
"31-10-2018",93.403015,94.490501,64.696091,65.042542,176.497604,49.012173,13.841652,205.211121,72.407585,143.908463
"01-11-2018",92.218941,94.434776,66.433281,64.80352,176.306229,49.208748,13.79868,201.264755,72.939499,146.597809
"02-11-2018",93.136589,95.382271,66.757813,66.45755,176.95694,49.742302,13.741385,203.731232,73.841866,149.325836
"05-11-2018",92.534691,95.400848,66.986893,66.409744,176.70813,49.321072,13.817779,204.224533,73.357437,150.370621
"06-11-2018",92.179474,94.564819,66.815079,65.797852,176.057404,48.927929,13.851201,203.139267,73.062981,151.047791
"07-11-2018",93.363541,95.438011,68.285011,66.285454,177.224869,48.956009,14.018313,195.937164,70.536362,149.906281
"08-11-2018",93.077393,96.162567,67.502319,66.027306,178.966507,48.019947,13.999214,198.304977,70.156418,146.365646
"09-11-2018",93.906235,95.066437,67.769585,65.82653,183.732056,47.514473,14.032637,201.166092,69.681496,141.296524
"12-11-2018",88.607544,93.041382,65.488327,64.841766,182.775116,47.186855,14.023088,199.094254,68.893112,141.08371
"13-11-2018",90.65992,94.471924,63.607956,66.524475,185.760757,48.572224,14.242721,203.829895,70.194412,143.134567
"14-11-2018",90.719131,93.394371,61.565323,66.132477,182.58374,48.946651,14.290467,202.843307,70.916306,144.430862
"15-11-2018",90.926338,94.15609,60.620365,66.5914,181.205734,47.795296,14.257045,202.744644,70.47937,142.824997
"16-11-2018",90.482307,94.137505,59.742226,66.3237,181.090912,47.261742,14.44803,201.955368,70.042435,139.226318
"19-11-2018",87.768829,92.911324,59.46542,65.989067,180.535889,47.224297,14.486227,198.107666,70.460373,141.935013
"20-11-2018",86.870918,91.889503,58.24366,63.254665,176.995224,46.597134,14.500551,196.479782,69.994949,141.006302
"21-11-2018",88.114189,93.598732,59.75177,64.009964,177.856461,47.589359,14.615142,201.659378,70.593353,147.391068
"22-11-2018",87.344536,92.985641,59.398605,62.843548,175.559814,47.196213,14.428931,198.896942,69.928459,146.965424
"23-11-2018",88.163521,93.394371,59.952217,62.814857,176.45932,47.430229,14.533974,199.982178,69.80497,146.056076
"26-11-2018",88.804886,95.177917,61.307613,63.245102,181.358856,48.619026,14.681987,196.578445,71.115776,149.151703
"27-11-2018",88.992371,95.307961,60.849449,62.336815,181.626801,47.448952,14.782253,196.479782,70.165924,143.173264
"28-11-2018",89.623871,95.140755,61.307613,62.327259,181.167465,47.383427,14.686761,196.430466,70.042435,144.160004
"29-11-2018",89.890282,95.029282,60.868538,62.011749,181.014359,47.430229,14.691536,194.851913,69.19706,145.166077
"30-11-2018",89.712669,95.122177,61.641685,61.54327,178.468903,46.51757,14.787028,192.18811,68.589157,144.0439
"03-12-2018",91.281563,96.645622,63.560226,62.470665,181.454544,48.628391,14.748831,195.049225,71.866165,148.184311
"04-12-2018",90.728989,95.679535,62.357563,61.189514,180.267944,47.224297,14.734508,195.542511,70.697838,143.695648
"05-12-2018",89.110771,93.821678,62.624821,60.242989,176.363632,46.80307,14.629465,193.815979,70.441383,142.786316
"06-12-2018",86.75251,90.728348,59.532234,58.273453,168.440201,43.910641,14.352537,190.954865,68.456177,138.336334
"07-12-2018",87.492546,90.746933,60.54401,58.024868,167.827759,43.74683,14.428931,192.829391,68.114227,138.800674
"10-12-2018",87.285339,90.06881,58.033669,55.835434,166.296646,42.562714,14.309566,190.214935,66.584961,136.382202
"11-12-2018",88.656876,90.942009,59.990395,56.294353,166.488037,43.709385,14.395509,194.851913,67.800774,141.335236
"12-12-2018",90.018555,92.437576,61.403061,57.059223,168.803818,44.388027,14.505325,196.430466,69.121071,145.243469
"13-12-2018",89.574532,93.301483,61.469875,57.728485,168.612442,44.500359,14.395509,197.31839,70.460373,144.81781
"14-12-2018",88.745689,93.078537,60.477192,57.460777,169.224869,44.341228,14.424156,192.878723,70.54586,142.90239
"17-12-2018",87.482689,92.502602,61.088074,56.638546,167.732056,44.388027,14.529199,184.344711,70.289398,141.702835
"18-12-2018",86.584763,93.19001,60.524918,56.848881,167.234436,44.08849,14.45758,183.703415,69.78598,141.509354
"19-12-2018",88.035248,92.437576,58.825909,57.690239,168.363632,44.205498,14.681987,184.542023,69.766975,142.089798
"20-12-2018",86.6045,91.397179,58.224571,57.126148,167.425842,43.540894,14.443255,181.28627,68.237709,139.20697
"21-12-2018",85.272423,91.19281,58.596825,58.053555,167.483261,43.821712,14.333439,182.272858,68.323196,138.626541
"27-12-2018",84.650795,89.009834,56.468288,57.04966,164.746414,42.3755,13.93237,177.685211,66.356995,132.957657
"28-12-2018",85.775658,90.458954,57.804592,57.747604,167.598083,42.974579,14.152002,179.954361,67.154869,134.389389
"02-01-2019",85.854591,91.109207,58.090942,58.053555,167.464111,42.356777,14.152002,181.927551,66.243011,131.816132
"03-01-2019",83.190445,88.666122,58.033669,57.384293,165.703354,41.912151,14.257045,181.483582,65.587608,130.365051
"04-01-2019",85.292168,92.14032,61.947124,60.415085,169.722488,44.06041,14.366861,188.488388,68.114227,135.898514
"07-01-2019",85.469772,90.932716,60.963989,60.137821,168.344498,44.144653,14.385959,187.156494,68.50367,136.053299
"08-01-2019",86.801849,91.294998,62.538914,60.443768,168.516754,44.462917,14.194974,191.694809,68.589157,138.336334
"09-01-2019",87.995781,91.62941,62.605728,60.548939,169.511963,45.787445,14.104257,191.250854,69.292046,141.702835
"10-01-2019",88.252327,91.740883,62.882534,60.711472,170.832535,46.138466,14.113806,192.878723,68.893112,140.19371
"11-01-2019",87.818169,90.598297,62.710724,60.262108,171.253586,45.77808,14.070833,194.358612,68.22821,137.54306
"14-01-2019",86.900513,90.431091,61.899399,59.860554,171.502396,46.124428,14.042186,194.654587,68.000244,139.4198
"15-01-2019",88.114189,90.75621,62.061661,60.233429,171.52153,46.278873,14.023088,196.578445,68.02874,140.329147
"16-01-2019",88.281929,90.65403,62.118938,60.109135,172.631577,46.662659,14.013538,195.443863,67.943253,140.174362
"17-01-2019",89.278519,90.942009,61.240799,60.233429,172.47847,45.806164,13.93237,197.31839,67.686798,138.239578
"18-01-2019",91.863724,93.412949,63.474327,62.71925,176.076553,47.636162,14.218848,201.264755,69.662491,140.909576
"21-01-2019",90.748726,93.598732,62.968441,62.289013,176.45932,47.477036,13.875073,203.237946,69.368034,140.155014
"22-01-2019",90.146828,92.363258,62.958897,61.51458,175.425842,47.336624,13.884624,203.040619,69.083084,138.916763
"23-01-2019",90.383636,91.638702,62.997078,60.386402,175.387558,47.065166,13.803454,204.520508,68.608154,137.620453
"24-01-2019",91.261818,91.963821,63.016163,60.701912,177.033493,47.823376,13.550399,199.587555,69.453529,140.793488
"25-01-2019",91.429573,93.19001,64.724724,62.231644,177.913879,49.208748,13.459682,201.264755,70.621849,146.69455
"28-01-2019",91.133553,92.911324,63.560226,61.705803,176.497604,48.853043,13.559948,200.376831,70.270409,144.856522
"29-01-2019",88.617409,93.375786,62.98753,62.375057,177.645935,48.675194,13.641117,201.56073,70.146919,142.805649
"30-01-2019",87.650429,92.688385,62.701183,62.633205,177.511963,48.4599,13.59337,203.435257,69.653,142.612183
"31-01-2019",89.051567,92.495247,63.187973,61.017418,176.95694,48.35693,13.550399,204.915146,69.776474,143.773041
"01-02-2019",89.584396,92.340736,63.922943,61.657993,178.143539,49.639336,13.569498,196.183807,70.422379,144.682388
"04-02-2019",89.762009,91.741997,64.495644,61.906578,177.856461,48.83432,13.516976,194.111969,69.567505,142.84436
"05-02-2019",91.666382,93.026382,66.127838,63.254665,179.52153,49.527008,13.832102,200.080841,69.918953,144.450226
"06-02-2019",91.676247,92.137939,65.927391,62.958271,179.062195,48.628391,13.693639,199.291565,69.956955,144.527603
"07-02-2019",89.752136,89.607788,63.951576,60.386402,176.574158,46.077621,13.545625,196.825089,67.648796,137.678513
"08-02-2019",90.442848,88.38134,63.187973,59.812752,174.851669,44.940304,13.502653,195.690521,66.043541,135.298737
"11-02-2019",91.242088,89.086304,63.560226,60.529816,176.114822,45.080715,13.521751,196.825089,65.929558,136.266113
"12-02-2019",91.173019,89.066994,64.428825,62.145599,177.301437,46.22739,13.516976,198.403641,66.404488,139.535889
"13-02-2019",92.12027,88.922134,65.201973,62.002186,177.66507,47.009003,13.526526,195.986481,66.86042,139.0522
"14-02-2019",92.317612,89.086304,62.567554,61.686676,176.267944,46.147827,13.507428,194.358612,65.872566,137.233505
"15-02-2019",93.047791,91.375031,65.068344,63.407635,181.952148,47.374065,13.617245,196.479782,67.221359,139.690659
"18-02-2019",92.958984,90.679718,65.0588,63.235538,181.358856,47.177494,13.731835,195.887833,67.050385,138.084808
"19-02-2019",92.7715,90.824577,64.715179,62.967834,182.813385,47.233658,13.827328,199.094254,67.477821,138.510452
"20-02-2019",93.195793,91.355713,65.249702,63.407635,183.732056,48.450535,13.92282,199.390244,68.874115,141.896301
"21-02-2019",93.511543,91.201202,64.810631,62.853104,184.880371,48.77816,13.975342,200.080841,69.453529,141.799576
"22-02-2019",94.143051,92.553185,63.951576,62.384621,185.703339,48.862404,14.018313,201.363419,69.46302,141.935013
"25-02-2019",93.718765,93.258156,63.884762,61.944824,185.779907,50.023121,13.92282,207.480286,70.00444,146.249542
"26-02-2019",93.264862,94.764648,63.474327,64.593178,186.832535,49.751663,13.841652,211.032013,70.289398,146.094772
"27-02-2019",92.564293,93.36438,66.127838,64.325478,186.105255,49.498928,13.827328,210.242752,70.517365,146.713898
"28-02-2019",92.949112,92.833237,67.082336,64.04821,187.177032,49.292992,13.832102,210.736038,70.583855,145.978683
"01-03-2019",93.629951,93.615463,68.180016,65.07122,188.842102,49.873348,13.870299,213.005188,71.001793,149.151703
"04-03-2019",93.422745,94.079002,69.058159,65.310242,189.1866,50.060562,13.927595,212.90654,70.925804,149.209763
"05-03-2019",94.103584,93.885864,69.497223,65.138145,189.607651,49.527008,14.027862,213.794464,71.296249,149.190414
"06-03-2019",93.935837,93.885864,69.172699,65.090347,189.913879,48.862404,14.023088,214.682404,70.792824,147.216934
"07-03-2019",94.054245,93.142265,67.903214,64.115135,188.765549,47.214935,14.199749,212.709229,69.425026,145.049988
"08-03-2019",94.330521,91.877197,66.328285,63.484123,187.444977,46.877956,14.194974,207.77626,68.541664,142.263916
"11-03-2019",94.567337,92.495247,65.28788,63.92392,188.325363,47.505116,14.290467,209.749451,69.510521,141.876968
"12-03-2019",94.330521,92.813927,63.989758,63.866558,188.191391,47.327263,14.328664,206.986984,69.434525,139.284363
"13-03-2019",95.119904,92.862221,64.94426,64.134262,189.894745,47.626804,14.428931,202.054031,69.93795,140.793488
"14-03-2019",95.711937,93.51889,64.705635,63.283344,190.813385,47.711048,14.505325,208.762863,70.080429,139.458496
"15-03-2019",98.030731,94.619797,64.66745,64.54538,192.248795,48.366291,14.763155,209.552124,70.374886,139.613281
"18-03-2019",97.537369,94.619797,64.934715,64.009964,191.578949,47.832737,14.944591,204.619156,70.450874,140.754791
"19-03-2019",98.810242,96.087669,66.528725,64.822647,191.578949,49.480206,14.982788,208.170898,71.923157,143.076523
"20-03-2019",98.770767,94.011398,60.133572,64.535812,190.354065,48.413097,14.958915,206.986984,68.370689,139.226318
"21-03-2019",98.770767,95.035057,58.491829,64.134262,188.803833,48.207161,15.087831,205.704422,67.582314,138.27829
"22-03-2019",97.369629,92.01239,56.601917,62.633205,187.885162,47.271099,14.939817,207.085648,66.110031,134.602219
"25-03-2019",97.330154,91.645424,54.969723,62.451546,187.75119,47.505116,14.849099,209.848099,65.464127,135.26004
"26-03-2019",99.520676,91.529541,54.473381,62.40374,189.071777,47.168133,14.930267,211.327988,64.504776,134.099167
"27-03-2019",98.908913,92.29245,53.767052,62.260334,189.473679,48.06675,14.930267,211.032013,64.808731,134.505463
"28-03-2019",100.092979,91.741997,53.72887,62.661888,188.937805,47.823376,14.83,211.919952,64.485771,133.96373
"29-03-2019",101.632263,92.649757,54.979263,62.652325,189.741623,48.909206,14.795,213.695816,65.30265,135.743744
"01-04-2019",101.632263,94.59082,55.609234,63.732708,191.330139,50.921741,14.834,216.260956,66.205009,139.748718
"02-04-2019",101.730934,95.768982,56.458744,64.229866,192.870819,51.436573,14.824,218.678101,67.677292,141.335236
"03-04-2019",102.461105,97.246513,57.661415,66.3237,196.746414,51.942047,14.946,220.552628,68.940605,143.6763
"04-04-2019",102.263763,97.516914,57.919128,66.084679,197.703354,52.625374,15.052,223.36441,69.662491,145.069351
"05-04-2019",101.138901,98.637131,58.673187,66.409744,197.703354,52.428795,14.984,224.498993,70.089928,143.908463
"08-04-2019",100.52713,98.52124,58.501377,66.180283,196.555023,52.391357,14.974,221.736542,69.880959,144.450226
"09-04-2019",97.073608,97.246513,58.148209,65.69268,196.79425,51.698669,14.968,221.144577,69.52951,143.173264
"10-04-2019",98.376076,98.096336,58.673187,65.807411,197.607651,51.539539,14.926,223.265762,69.52002,142.786316
"11-04-2019",98.346481,98.926842,58.024124,66.553162,198.995209,51.904606,14.86,222.377823,69.823975,146.210861
"12-04-2019",98.070198,100.298141,58.625458,68.637428,199.330139,53.046597,14.828,222.377823,71.514717,148.339111
"15-04-2019",98.435287,100.182259,58.902264,68.981621,200.765549,52.878109,14.952,223.265762,71.856667,149.925613
"16-04-2019",98.149139,100.954826,59.379517,69.727364,202.870819,53.308697,14.95,226.620163,72.569061,151.512131
"17-04-2019",98.050468,102.210236,58.740002,70.683449,204.68898,54.366447,14.78,226.37352,73.376434,156.097549
"18-04-2019",99.145729,102.847603,58.377289,70.903351,205.598083,55.517803,14.888,229.037308,73.851364,157.819504
"23-04-2019",100.487663,102.055725,59.17907,71.218857,205.071777,55.330589,15,227.804077,73.613899,154.781906
"24-04-2019",113.097961,101.997787,57.460972,69.956825,202.822968,54.703426,14.824,227.60675,72.635544,152.363434
"25-04-2019",113.512383,102.017097,58.262753,69.564835,204.114838,54.010742,14.92,225.682907,71.980141,150.389969
"26-04-2019",112.821671,101.688759,58.740002,69.622192,204.641159,54.572376,14.96,226.126862,72.379082,150.680176
"29-04-2019",113.472916,102.229553,59.380001,69.297127,204.68898,54.422607,14.95,225.534927,72.084625,151.105835
"30-04-2019",113.058495,103.079376,59.34,69.306686,205.550247,54.609821,14.914,226.028214,72.094131,149.983658
"02-05-2019",111.598145,101.727386,61.57,69.153717,205.550247,54.862556,14.99,225.830887,71.999146,155.497772
"03-05-2019",112.150711,102.132988,61.869999,69.669998,205.789474,54.797035,14.918,246.450668,71.875656,155.052765
"06-05-2019",111.006111,101.012764,61.130001,69,203.301437,53.673759,14.894,249.410446,70.289398,152.479523
"07-05-2019",108.598511,98.965477,59.610001,66.449997,201.052643,52.999794,14.862,246.64798,68.655647,149.383881
"08-05-2019",109.624702,103.484978,59.650002,66.730003,200,53.636318,14.93,253.110153,67.800774,149.538666
"09-05-2019",108.618248,101.669441,57.07,65.519997,198.820007,52.091816,14.846,246.5,65.825073,146.559113
"10-05-2019",108.776115,103.34977,57.540001,65.230003,198.839996,50.444347,14.914,252,65.416641,145.417603
"13-05-2019",108.440636,101.186592,56.470001,63.150002,196.839996,48.787518,14.64,245.800003,64.647247,142.728256
"14-05-2019",110.433807,102.403381,55.330002,63.139999,200.399994,49.377239,14.868,250.449997,64.476273,144.160004
"15-05-2019",111.459999,103.021431,56.450001,63.57,201.649994,50.828133,14.866,253.100006,66.489975,149.119995
"16-05-2019",116.080002,104.933533,57.290001,64.599998,206.649994,50.547314,15.206,251.449997,66.300003,148.100006
"17-05-2019",114.599998,103.736053,56.950001,63.560001,204.350006,49.948235,15.21,255.5,66.160004,147.139999
"20-05-2019",111.900002,101.881897,55.799999,61.93,201.699997,48.693913,15.286,251,64.809998,144.820007
"21-05-2019",113.760002,103.542915,56.07,62.220001,204.449997,48.787518,15.118,257.75,64.629997,144.699997
"22-05-2019",115.68,102.886238,55.849998,62.040001,202.899994,47.580002,15.09,263.049988,64.230003,144.300003
"23-05-2019",113.18,100.143631,54.209999,60.560001,199.800003,47.330002,15.046,259.799988,63.389999,142
"24-05-2019",113.620003,101.611504,53.900002,60.73,202,47.43,15.07,259.25,63.470001,142.860001
"27-05-2019",113.720001,101.688759,54.669998,60.990002,202.800003,47.700001,15.216,261.850006,63.759998,144.059998
"28-05-2019",113.160004,101.688759,55.43,59.889999,201.649994,47.68,15.26,264.049988,63.84,144.839996
"29-05-2019",111.199997,99.313118,53.91,59.57,199.080002,47.23,15.164,258.600006,63.150002,143.279999
"30-05-2019",112,99.583527,54.299999,59.82,201.350006,47.299999,15.204,258.25,63.049999,143.220001
"31-05-2019",110.419998,97.961136,52.82,59.060001,198.860001,46.435001,15.11,256.200012,62.02,139.5
"03-06-2019",111.220001,98.907524,53.880001,59.150002,199.160004,46.654999,15.224,259.200012,61.639999,140.059998
"04-06-2019",111.139999,100.703735,54.5,61.32,203.399994,48.580002,15.234,258,63.43,144.660004
"05-06-2019",111.959999,100.896881,53.98,61.060001,202.300003,48.049999,15.296,257.399994,63.02,142.779999
"06-06-2019",111.379997,100.027748,53.290001,60.880001,202.149994,47.314999,15.354,260.5,62.34,141.839996
"07-06-2019",113.720001,100.665108,52.869999,61.279999,204.300003,47.605,15.388,265.25,62.32,141.880005
"11-06-2019",113.18,101.939842,53.849998,62.779999,206.5,48.470001,15.328,262.100006,62.98,143.740005
"12-06-2019",113.32,101.418358,53.310001,61.950001,206.25,48.09,15.47,256.799988,62.639999,142.360001
"13-06-2019",114.440002,101.572876,53.630001,61.639999,207.600006,48.174999,15.46,259.299988,62.779999,142.800003
"14-06-2019",113.540001,100.452652,52.849998,60.48,207.399994,47.419998,15.39,260.600006,62.459999,141.240005
"17-06-2019",114.620003,99.87323,52.529999,59.98,208.149994,47.314999,15.354,262.799988,62.099998,140.720001
"18-06-2019",118.160004,102.171616,54.07,61.59,211.050003,48.66,15.578,273.299988,63.610001,143.320007
"19-06-2019",116.980003,102.635147,55.029999,62.200001,211.699997,49.200001,15.52,267.100006,64.199997,145.360001
"20-06-2019",118.720001,102.808975,55.490002,62.540001,211.850006,49.369999,15.454,269.25,64.559998,146.899994
"21-06-2019",118.5,102.11367,54.82,62.689999,212.699997,49.619999,15.412,268.799988,64.440002,147.179993
"24-06-2019",118.82,102.422691,55.34,62.049999,212.899994,47.759998,15.356,265.450012,63.639999,147
"25-06-2019",118.459999,101.20591,55.32,61.740002,212,47.59,15.356,263.200012,63.150002,145.919998
"26-06-2019",118.5,100.182259,55.990002,62.119999,212.600006,48.115002,15.27,270.899994,64.57,147.5
"27-06-2019",118,99.98912,60.860001,63.080002,210.649994,48.294998,15.17,265.700012,64.849998,147.179993
"28-06-2019",120.760002,101.012764,60.939999,63.919998,212,48.924999,15.212,271.5,65.089996,148.220001
"01-07-2019",122.260002,102.364754,61.310001,63.959999,214.199997,48.810001,15.238,274.350006,65.099998,150
"02-07-2019",123.5,101.399048,60.529999,62.73,216,48.645,15.226,273.799988,65.330002,151
"03-07-2019",124.379997,101.766014,61.009998,62.580002,216.800003,49.02,15.366,278.649994,66.610001,153.619995
"04-07-2019",123.760002,101.920532,60.919998,62.68,217.199997,49.035,15.52,278.25,67.110001,154.639999
"05-07-2019",122.82,98.926842,60.709999,62.560001,217.149994,49.119999,15.46,277.149994,67.050003,154.600006
"08-07-2019",123.199997,97.999771,60.029999,62.59,218.050003,48.580002,15.448,280,66.699997,154.800003
"09-07-2019",123,97.825943,59.799999,60.509998,218.149994,47.77,15.46,281.700012,66.169998,153.960007
"10-07-2019",121.900002,97.323769,59.509998,60.119999,216.5,47.02,15.41,278.649994,65.650002,152.399994
"11-07-2019",121.919998,96.271156,59.139999,59.5,216.5,46.650002,15.312,278.25,65.239998,151.940002
"12-07-2019",121.059998,96.261497,58.830002,60.220001,216.149994,46.34,15.246,276.5,65.889999,153.539993
"15-07-2019",121.419998,96.329094,58.630001,61.029999,217.550003,46.52,15.06,278.600006,66.660004,154.199997
"16-07-2019",120.980003,96.898857,59.080002,61.709999,217.550003,46.82,15,280.700012,67.120003,154.940002
"17-07-2019",120.059998,96.261497,59.009998,60.84,217,46.130001,14.872,280.799988,66.349998,153.059998
"18-07-2019",113.32,95.778641,58.759998,60.43,215.449997,45.380001,14.77,281.850006,66.150002,151.460007
"19-07-2019",112,96.126297,59.549999,60.799999,215.699997,45.439999,14.684,278.950012,66.57,151.460007
"22-07-2019",111.239998,96.087669,59.599998,61.259998,214.5,46.040001,14.7,284.100006,66.769997,151.399994
"23-07-2019",112.459999,97.961136,60.990002,63.669998,216.100006,48.044998,14.738,283.049988,69.339996,157.139999
"24-07-2019",113.779999,98.733696,60.099998,63.860001,215.100006,49.215,14.814,282.25,70.010002,158.619995
"25-07-2019",112.220001,97.497597,59.18,62.759998,212.199997,48.255001,14.656,282.700012,68.949997,154.059998
"26-07-2019",114.099998,97.516914,59.900002,61.939999,212.149994,48.375,14.844,289.799988,68.669998,155.259995
"29-07-2019",113.419998,97.729362,59.330002,62.209999,212.949997,48.470001,15.142,288.899994,68.290001,153.199997
"30-07-2019",110.580002,96.20356,57.16,60.439999,209,47.240002,14.888,279.149994,67.110001,151.740005
"31-07-2019",111.720001,95.595154,58.75,60.529999,210.399994,46.895,14.88,289.549988,66.830002,150.940002
"01-08-2019",113.18,91.741997,60.25,60.700001,211.850006,46.799999,15.052,296.350006,67.489998,150.639999
"02-08-2019",109.360001,88.989738,58,58.209999,204.350006,45.224998,14.828,279.399994,64.650002,146.240005
"05-08-2019",106.18,86.672043,55.830002,56.610001,201.850006,43.935001,14.658,267.799988,63.34,142.979996
"06-08-2019",104,86.565811,55.5,56.529999,200.399994,43.279999,14.6,269.850006,62.259998,142.940002
"07-08-2019",106.199997,86.295418,58.84,56.779999,199.160004,43.310001,14.626,273.549988,62.110001,142.779999
"08-08-2019",108.660004,87.377014,62.970001,58.490002,201.949997,43.849998,14.548,267.450012,62.529999,144.279999
"09-08-2019",106.080002,85.947762,64.629997,58.130001,198.960007,42.580002,14.452,259.649994,61.029999,141.339996
"12-08-2019",106.339996,85.580795,63.759998,58,200.25,42.349998,14.462,261.700012,60.830002,140.960007
"13-08-2019",107.620003,86.179535,64.959999,58.669998,201.300003,42.849998,14.588,261.75,61.040001,142.899994
"14-08-2019",105.480003,83.195503,63.919998,57.32,197.179993,41.535,14.538,255.199997,59.599998,139.880005
"15-08-2019",105.739998,82.084946,62.98,56.200001,196.839996,40.529999,14.648,257.100006,58.82,138.160004
"16-08-2019",107.300003,82.896133,64.610001,56.849998,198.639999,41.244999,14.882,257.700012,59.560001,139.860001
"19-08-2019",107.980003,84.238472,66.300003,57.970001,201.149994,41.970001,14.982,259.5,60.360001,142.320007
"20-08-2019",106.860001,84.228813,66,57.849998,200.449997,41.334999,14.964,260.950012,59.740002,141.139999
"21-08-2019",109.860001,86.063652,67.230003,58.990002,202.149994,41.955002,14.88,265.799988,60.59,142.639999
"22-08-2019",107.480003,85.880165,67.720001,59.060001,200.949997,42.02,14.826,262.549988,60.610001,143.059998
"23-08-2019",106.379997,85.165543,66.589996,58.07,197.639999,40.720001,14.774,259.799988,58.700001,141.160004
"26-08-2019",106.720001,85.532509,66.620003,58,199.160004,41.330002,14.812,261.399994,59.57,142.179993
"27-08-2019",108.540001,85.947762,66.980003,58.240002,198.759995,41.540001,14.9,264.100006,59.490002,143.5
"28-08-2019",107.120003,85.667709,66.699997,58.48,196.820007,41.705002,14.928,265.25,59.720001,143.539993
"29-08-2019",108.379997,86.913467,67.639999,59.669998,199.220001,41.985001,15.14,266,60.169998,145.279999
"30-08-2019",108.599998,87.830887,67.339996,60.18,200.5,42.705002,15.176,269.700012,60.810001,146.100006
"02-09-2019",108.360001,87.405983,66.720001,60.009998,201.550003,42.599998,15.25,270.200012,60.529999,146.660004
"03-09-2019",108.300003,86.787933,66.400002,59.360001,199.720001,43.025002,15.192,270.399994,60.400002,146.279999
"04-09-2019",109.220001,88.072311,67.510002,60.209999,201,43.970001,15.196,273.049988,61.09,147.960007
"05-09-2019",111.480003,88.410316,66.5,61.009998,203.050003,45.349998,15.08,274.799988,62.32,150.839996
"06-09-2019",111.300003,89.376022,66.989998,61.459999,204.300003,45.404999,15.092,278.899994,62.32,150.399994
"09-09-2019",110.199997,90.959778,67.260002,62.279999,206.649994,46.450001,15.034,277.049988,63.220001,154.080002
"10-09-2019",108.739998,92.707703,69.07,63.869999,207.600006,46.849998,15.052,269.850006,63.77,154.619995
"11-09-2019",109.139999,94.030716,69,64.660004,208.699997,47.18,15.09,270.5,63.810001,155.699997
"12-09-2019",109.339996,93.393349,68.010002,64.410004,210.149994,47.759998,15.176,275.850006,64.639999,156.759995
"13-09-2019",107.879997,93.596146,68.059998,65.75,212,48.540001,15.136,272.549988,65.059998,158.059998
"16-09-2019",106.480003,93.38369,67.870003,65.669998,210.300003,48.049999,15.132,268.5,65.099998,157.559998
"17-09-2019",108.260002,93.683067,66.849998,64.279999,209.699997,47.220001,15.134,270.799988,64.529999,155.839996
"18-09-2019",108.5,93.248497,66.199997,64.019997,210.100006,47.360001,15.206,273.450012,64.550003,155.940002
"19-09-2019",109.099998,94.127289,66.900002,63.919998,211.800003,47.424999,15.248,275,64.989998,158.919998
"20-09-2019",109.860001,94.648773,67.230003,63.889999,211.949997,47.345001,15.378,274.75,65.150002,159.800003
"23-09-2019",108.120003,93.316093,65.849998,63.419998,211.25,46.240002,15.424,272.399994,64,156.580002
"24-09-2019",108.379997,92.215187,65.959999,62,209.949997,45.465,15.334,273.899994,63.68,153.199997
"25-09-2019",106.699997,92.640099,66.07,61.830002,208.800003,45.400002,15.296,269.700012,63.380001,153.880005
"26-09-2019",107.5,92.427643,64.610001,61.990002,210.850006,44.865002,15.424,278.649994,63.09,153.639999
"27-09-2019",107.800003,94.021057,64.68,63.540001,211.850006,45.380001,15.362,285.100006,63.889999,154.899994
"30-09-2019",107.879997,94.880539,64.690002,64.120003,213.850006,45.619999,15.394,285.649994,64.589996,156.059998
"01-10-2019",106.860001,93.49958,62.48,63.25,212.050003,45.165001,15.338,282.200012,64.379997,153.800003
"02-10-2019",103.339996,91.587479,60.619999,61.77,206.850006,44.055,15.052,268.75,63.16,149.139999
"04-10-2019",104.839996,92.031708,62.279999,61.610001,206.25,43.810001,15.132,271.600006,62.389999,147.820007
"07-10-2019",104.279999,93.113297,63.130001,62.400002,207.699997,43.805,15.25,272.350006,62.68,148.539993
"08-10-2019",103.660004,91.664734,63.369999,61.599998,205.399994,43.555,15.272,269.850006,61.860001,149.100006
"09-10-2019",105.900002,92.649757,64.18,62.049999,206.100006,44.400002,15.35,278.75,62.349998,150
"10-10-2019",104.940002,93.180893,64.139999,62.98,207.149994,45.540001,15.304,278.600006,63.23,153.940002
"11-10-2019",115.68,95.730354,65.220001,64.860001,213.100006,47.060001,15.456,280.200012,64.779999,161.5
"14-10-2019",114.760002,95.778641,65.610001,64.589996,210.699997,47.064999,15.496,280.899994,64.910004,161.839996
"15-10-2019",115.480003,96.454636,66.639999,65.459999,214,48.049999,15.722,286.600006,66.629997,164.639999
"16-10-2019",116.639999,97.265831,66.209999,66.209999,213.649994,48.799999,15.708,281.600006,67.129997,169.779999
"17-10-2019",116,95.527557,65.970001,66.129997,215.350006,49.125,15.842,282,67.910004,170.179993
"18-10-2019",115.82,96.348404,65.239998,66.309998,218.100006,48.424999,15.932,281.350006,67.410004,169.339996
"21-10-2019",118.739998,98.443993,65.730003,67.610001,219.300003,49.200001,15.982,281.350006,67.839996,170.880005
"22-10-2019",119.5,99.660774,65,67.239998,220.600006,49.645,16.142,280.149994,68.470001,171.020004
"23-10-2019",118.459999,100.124313,66.5,67.790001,221.350006,50.419998,16.254,274,68.660004,171.619995
"24-10-2019",118.879997,100.220886,67.25,70.080002,222.899994,52.060001,15.992,273.149994,69.029999,175
"25-10-2019",119.220001,100.819626,66.540001,70.620003,221.550003,52.880001,16.006001,275.149994,69.43,172.360001
"28-10-2019",119.699997,101.514938,66.379997,69.989998,222.100006,53.549999,15.904,278.600006,69.889999,176.119995
"29-10-2019",118.900002,101.881897,65.93,70,221.899994,53.450001,15.66,276,69.830002,173.300003
"30-10-2019",119.400002,101.070709,67.279999,68.809998,220.699997,53.099998,15.718,277.950012,69.290001,174.580002
"31-10-2019",118.800003,99.834602,69.580002,68.230003,219,52.41,15.768,276.850006,68.709999,170.699997
"01-11-2019",119.620003,101.34111,69.900002,69,219.649994,52.700001,15.616,280,69.440002,172.699997
"04-11-2019",120.82,103.774681,71.279999,70.290001,222.050003,53.150002,15.666,286.100006,71.599998,177.720001
"05-11-2019",120.360001,104.663132,71.639999,71.029999,221.600006,53.32,15.636,281.350006,72.800003,178.199997
"06-11-2019",122.080002,104.643814,71.709999,71.370003,223.800003,52.610001,15.676,266.299988,73.510002,179.660004
"07-11-2019",122.699997,109.762062,71.589996,71.480003,225.100006,53.790001,15.356,274.5,74.449997,184.240005
"08-11-2019",123.260002,109.897255,70.629997,70.980003,219,53.450001,15.44,272,75.040001,181.679993
"11-11-2019",123.540001,108.680466,70.5,70.370003,220.100006,53.43,15.298,269.799988,75.029999,181.5
"12-11-2019",123.339996,110.55394,70.400002,71.07,218.899994,53.919998,15.352,269.450012,74.870003,182.940002
"13-11-2019",122.120003,110.650505,70.5,70.050003,218,53.540001,15.28,266.899994,73.660004,181
"14-11-2019",121.559998,110.824333,70.370003,70.209999,217.25,51.139999,15.128,265.299988,73.410004,179.919998
"15-11-2019",122.599998,111.056099,70.43,70.489998,218.850006,50.68,15.194,267.450012,74.550003,183.460007
"18-11-2019",122.059998,110.476677,70.25,69.860001,218.050003,50.23,15.208,270.950012,73.18,175.940002
"19-11-2019",122.660004,110.515305,70.190002,69.779999,218.699997,50.16,15.156,272.149994,73.519997,177.320007
"20-11-2019",122.260002,110.882271,69.150002,69.580002,217.850006,50.099998,15.1,273,73.32,175.5
"21-11-2019",122.360001,110.901581,68.5,69.449997,217.600006,51.029999,15.06,273,73.599998,176.339996
"22-11-2019",122.800003,110.843643,68.529999,69.68,218.5,52.029999,15.098,273,74.07,177.080002
"25-11-2019",123.360001,112.427399,69.620003,69.949997,218.649994,52.75,15.078,274.950012,74.18,177
"26-11-2019",122.400002,113.663498,69.029999,69.190002,217.199997,52.52,15.052,278.549988,73.809998,175.880005
"27-11-2019",123.040001,113.489677,69.699997,68.830002,218.350006,52.43,15.252,281.950012,74.739998,177.880005
"28-11-2019",122.519997,113.315849,68.940002,68.75,218.800003,51.959999,15.212,281.950012,73.620003,176.699997
"29-11-2019",123.480003,113.103401,68.699997,68.220001,217.350006,51.200001,15.236,282.75,73.300003,175.479996
"02-12-2019",119.440002,112.214943,67.559998,67.580002,213.550003,49.855,14.906,275.049988,71.910004,174.779999
"03-12-2019",120.160004,112.910255,67.669998,67.379997,213.300003,49.244999,14.918,278.100006,71.809998,174.300003
"04-12-2019",122.080002,113.895279,69.32,68.349998,216,49.599998,15.032,277.850006,72.760002,175.160004
"05-12-2019",121.239998,112.157005,68.980003,67.870003,214.199997,49.259998,15.01,276.100006,72.809998,174.940002
"06-12-2019",122.199997,112.794373,69.18,68.290001,217.100006,49.455002,15.064,279.200012,73.790001,176.600006
"09-12-2019",121.940002,112.041115,68.769997,67.790001,216,49.055,15.024,273.899994,73.18,175.820007
"10-12-2019",121.739998,111.403755,69,67.349998,215.550003,48.755001,14.892,275.049988,73.199997,175.699997
"11-12-2019",121.400002,113.180649,69.099998,67.550003,216.100006,49.494999,14.896,278.399994,74.209999,178.240005
"12-12-2019",122.120003,113.837326,69.800003,68.089996,218.25,49.919998,14.778,278.200012,74.809998,179.580002
"13-12-2019",124.160004,113.740761,71.010002,68.379997,219.699997,50.630001,14.762,278.600006,75.870003,183.300003
"16-12-2019",124.720001,115.788055,71.589996,68.849998,221.199997,50.860001,14.884,285.799988,75.889999,182.240005
"17-12-2019",120.559998,114.184982,70.059998,67.25,222.600006,51.049999,14.86,286.899994,74.989998,181.100006
"18-12-2019",119.580002,112.87162,70.839996,67.019997,221.100006,50.310001,14.742,289.649994,75.160004,179.679993
"19-12-2019",119.559998,113.412422,71.010002,67.290001,218.949997,49.91,14.734,288.350006,74.099998,177.100006
"20-12-2019",120.940002,114.088417,71.5,67.940002,220.75,49.970001,14.802,291.450012,74.150002,176.960007
"23-12-2019",120.760002,113.489677,73.599998,67.540001,220.600006,49.785,14.72,291.100006,73.540001,176.160004
"27-12-2019",121.400002,114.184982,73.209999,67.900002,220.600006,49.84,14.716,292.5,73.510002,176.660004
"30-12-2019",120.32,112.543289,72.809998,67.349998,218.399994,49.369999,14.57,289.799988,73.139999,176.240005
"02-01-2020",122,114.571266,73.519997,68.290001,221.5,49.974998,14.61,291.549988,74.220001,180.5
"03-01-2020",120.459999,112.369461,72.580002,67.269997,219.050003,49.07,14.614,291.950012,73.32,176.639999
"06-01-2020",119.559998,111.847977,71.739998,66.269997,217.699997,48.805,14.578,289.649994,73.050003,176.619995
"07-01-2020",120.099998,112.562599,72.129997,66.300003,218.199997,49.195,14.606,294.75,74.220001,176.059998
"08-01-2020",120.82,113.026138,74,65.730003,218.300003,49.470001,14.548,302.850006,74.410004,176.820007
"09-01-2020",123.160004,114.3395,74.720001,66.309998,220.699997,49.68,14.85,310,74.360001,181.720001
"10-01-2020",123.760002,112.021805,75.360001,65.830002,220.25,49.43,14.762,309.049988,74.57,185.520004
"13-01-2020",123.760002,111.790039,74.730003,65.790001,219.649994,48.895,14.652,309.149994,73.629997,185.279999
"14-01-2020",123.599998,112.408089,74.540001,64.760002,218.850006,48.455002,14.64,313.25,73.300003,185.220001
"15-01-2020",123,111.770721,75.32,64.349998,217.199997,47.240002,14.68,316.049988,72.190002,182.619995
"16-01-2020",122.440002,112.079742,74.760002,64.389999,217.350006,46.875,14.696,313.899994,71.169998,179.919998
"17-01-2020",125.959999,113.084076,75.25,64.519997,219.649994,46.689999,14.68,311.649994,71.059998,181.360001
"20-01-2020",125.660004,112.813683,75.5,64.910004,221.699997,46.564999,14.76,310.25,71.639999,182.020004
"21-01-2020",126.199997,113.180649,75.75,64.699997,220.550003,46.400002,14.832,311.5,71.410004,181.300003
"22-01-2020",126.599998,112.041115,74.68,64.160004,219.100006,45.415001,14.868,315.049988,70.949997,179.139999
"23-01-2020",123.839996,111.635521,74.099998,63.09,218.550003,44.43,14.668,310.600006,69.690002,176.580002
"24-01-2020",126.900002,113.875954,75.25,63.689999,220.949997,43.939999,14.8,313,69.410004,177.520004
"27-01-2020",122.459999,110.882271,73.559998,62.130001,215.25,42.575001,14.564,300,67.699997,171.639999
"28-01-2020",119.839996,111.403755,75.650002,62.84,219.550003,43.285,14.91,301.950012,66.82,172.460007
"29-01-2020",120,112.330833,74.900002,63.060001,220.850006,43.415001,14.858,296.299988,66.550003,169.919998
"30-01-2020",118.18,109.83931,73.459999,62,218.449997,42.790001,14.678,292.899994,65.559998,164
"31-01-2020",117.82,107.811333,73.050003,61.07,215.850006,41.805,14.606,285.799988,64.339996,162.380005
